{"numPoints": 119107, "classNames": ["other", "ground", "vegetation", "building", "water", "bridge", "permanent"], "classColors": ["#9e9e9e", "#8d6e63", "#43a047", "#e53935", "#1e88e5", "#fb8c00", "#8e24aa"], "hasColor": true, "hasGt": true, "bounds": {"min": [-22.97110939025879, 433.1600036621094, -23.61716651916504], "max": [27.025890350341797, 451.4469909667969, 26.38283348083496]}}